<?xml version="1.0" encoding="utf-8" ?>
<manifest identifier="DHR/QTR/TS/CBT/SEA/001/1.0" version="1.0" 
       xmlns="http://www.imsproject.org/xsd/imscp_rootv1p1p2"
       xmlns:adlcp="http://www.adlnet.org/xsd/adlcp_rootv1p2"
       xmlns:xsi="http://www.w3.org/2001/XMLSchema-instance"
       xsi:schemaLocation="http://www.imsproject.org/xsd/imscp_rootv1p1p2 imscp_rootv1p1p2.xsd
                           http://www.imsglobal.org/xsd/imsmd_rootv1p2p1 imsmd_rootv1p2p1.xsd
                           http://www.adlnet.org/xsd/adlcp_rootv1p2 adlcp_rootv1p2.xsd">
	<metadata>
		<schema>ADL SCORM</schema>
		<schemaversion>1.2</schemaversion>
		<adlcp:location>metadata.xml</adlcp:location> 
	</metadata>
	<organizations default="DHR/QTR/TS/CBT/SEA/001/1.0_ORG">
		<organization identifier="DHR/QTR/TS/CBT/SEA/001/1.0_ORG">
			<title>Part 1: Basic Knots</title>
			<item identifier="DHR/QTR/TS/CBT/SEA/001/1.0" isvisible="true" identifierref="DHR/QTR/TS/CBT/SEA/001/1.0_RES">
				<title>Part 1: Basic Knots</title>
			</item>
			<metadata>
				<schema>ADL SCORM</schema>
				<schemaversion>1.2</schemaversion>
				<adlcp:location>metadata.xml</adlcp:location> 
			</metadata>	
		</organization>
	</organizations>
	<resources>
		<resource identifier="DHR/QTR/TS/CBT/SEA/001/1.0_RES" type="webcontent" href="index_scorm.html" adlcp:scormtype="sco">
			
			<metadata>
				<schema>ADL SCORM</schema>
				<schemaversion>1.2</schemaversion>
				<adlcp:location>metadata.xml</adlcp:location> 
			</metadata>
			
			<file href="ar/880955.mp3"/>
		    <file href="index_scorm.html"/>
			<file href="scormdriver.js"/>
			<file href="browsersniff.js"/>
			
<file href="ar/880958.mp3"/> 
<file href="ar/880961.mp3"/> 
<file href="ar/880964.mp3"/> 
<file href="ar/880967.mp3"/> 
<file href="ar/880970.mp3"/> 
<file href="ar/880973.mp3"/> 
<file href="ar/880976.mp3"/> 
<file href="ar/880979.mp3"/> 
<file href="ar/880982.mp3"/> 
<file href="ar/880985.mp3"/> 
<file href="ar/880988.mp3"/> 
<file href="ar/880991.mp3"/> 
<file href="ar/880994.mp3"/> 
<file href="ar/880997.mp3"/> 
<file href="ar/881000.mp3"/> 
<file href="ar/881003.mp3"/> 
<file href="ar/881006.mp3"/> 
<file href="ar/881009.mp3"/> 
<file href="ar/881012.mp3"/> 
<file href="ar/881015.mp3"/> 
<file href="ar/881018.mp3"/> 
<file href="ar/881021.mp3"/> 
<file href="ar/881024.mp3"/> 
<file href="ar/881027.mp3"/> 
<file href="ar/881030.mp3"/> 
<file href="ar/881033.mp3"/> 
<file href="ar/881036.mp3"/> 
<file href="ar/881039.mp3"/> 
<file href="ar/881042.mp3"/> 
<file href="ar/881045.mp3"/> 
<file href="ar/881048.mp3"/> 
<file href="ar/881051.mp3"/> 
<file href="ar/881054.mp3"/> 
<file href="ar/881057.mp3"/> 
<file href="ar/Mouse.mp3"/> 
<file href="assets/TOC_icons/collapseIcon.png"/> 
<file href="assets/TOC_icons/expandIcon.png"/> 
<file href="assets/TOC_icons/photo.png"/> 
<file href="assets/css/CPLibraryAll.css"/> 
<file href="assets/css/start/images/animated-overlay.gif"/> 
<file href="assets/css/start/images/ui-bg_flat_55_999999_40x100.png"/> 
<file href="assets/css/start/images/ui-bg_flat_75_aaaaaa_40x100.png"/> 
<file href="assets/css/start/images/ui-bg_glass_45_0078ae_1x400.png"/> 
<file href="assets/css/start/images/ui-bg_glass_55_f8da4e_1x400.png"/> 
<file href="assets/css/start/images/ui-bg_glass_75_79c9ec_1x400.png"/> 
<file href="assets/css/start/images/ui-bg_gloss-wave_45_e14f1c_500x100.png"/> 
<file href="assets/css/start/images/ui-bg_gloss-wave_50_6eac2c_500x100.png"/> 
<file href="assets/css/start/images/ui-bg_gloss-wave_75_2191c0_500x100.png"/> 
<file href="assets/css/start/images/ui-bg_inset-hard_100_fcfdfd_1x100.png"/> 
<file href="assets/css/start/images/ui-icons_0078ae_256x240.png"/> 
<file href="assets/css/start/images/ui-icons_056b93_256x240.png"/> 
<file href="assets/css/start/images/ui-icons_d8e7f3_256x240.png"/> 
<file href="assets/css/start/images/ui-icons_e0fdff_256x240.png"/> 
<file href="assets/css/start/images/ui-icons_f5e175_256x240.png"/> 
<file href="assets/css/start/images/ui-icons_f7a50d_256x240.png"/> 
<file href="assets/css/start/images/ui-icons_fcd113_256x240.png"/> 
<file href="assets/css/start/jquery-ui-1.11.4.custom.css"/> 
<file href="assets/css/start/jquery-ui-1.11.4.custom.min.css"/> 
<file href="assets/htmlimages/360_slide_OFF_Click.svg"/> 
<file href="assets/htmlimages/360_slide_OFF_Hover.svg"/> 
<file href="assets/htmlimages/360_slide_OFF_Normal.svg"/> 
<file href="assets/htmlimages/360_slide_ON_Click.svg"/> 
<file href="assets/htmlimages/360_slide_ON_Hover.svg"/> 
<file href="assets/htmlimages/360_slide_ON_normal.svg"/> 
<file href="assets/htmlimages/Answer_checkbox_correct.png"/> 
<file href="assets/htmlimages/Answer_checkbox_hover.png"/> 
<file href="assets/htmlimages/Answer_checkbox_incorrect.png"/> 
<file href="assets/htmlimages/Answer_checkbox_normal.png"/> 
<file href="assets/htmlimages/Answer_checkbox_select.png"/> 
<file href="assets/htmlimages/Answer_radio_correct.png"/> 
<file href="assets/htmlimages/Answer_radio_hover.png"/> 
<file href="assets/htmlimages/Answer_radio_incorrect.png"/> 
<file href="assets/htmlimages/Answer_radio_normal.png"/> 
<file href="assets/htmlimages/Answer_radio_select.png"/> 
<file href="assets/htmlimages/Graph.jpg"/> 
<file href="assets/htmlimages/HotspotDisplayImage.png"/> 
<file href="assets/htmlimages/HotspotDisplayText.png"/> 
<file href="assets/htmlimages/HotspotNavigation.png"/> 
<file href="assets/htmlimages/HotspotPlayAudio.png"/> 
<file href="assets/htmlimages/HotspotQuestionOverlays.png"/> 
<file href="assets/htmlimages/HotspotStaticActions.png"/> 
<file href="assets/htmlimages/Pause.gif"/> 
<file href="assets/htmlimages/Pause2x.gif"/> 
<file href="assets/htmlimages/Play.gif"/> 
<file href="assets/htmlimages/Play2x.gif"/> 
<file href="assets/htmlimages/Play_icon.png"/> 
<file href="assets/htmlimages/ThreeD_Close.svg"/> 
<file href="assets/htmlimages/ThreeD_HotspotDefaultGlow.png"/> 
<file href="assets/htmlimages/ThreeD_HotspotGlow.png"/> 
<file href="assets/htmlimages/ThreeD_Pause.svg"/> 
<file href="assets/htmlimages/ThreeD_Play.svg"/> 
<file href="assets/htmlimages/VR_menu_close_default@2x.png"/> 
<file href="assets/htmlimages/VR_menu_close_hover@2x.png"/> 
<file href="assets/htmlimages/VR_menu_close_select@2x.png"/> 
<file href="assets/htmlimages/VR_menu_default@2x.png"/> 
<file href="assets/htmlimages/VR_menu_hover@2x.png"/> 
<file href="assets/htmlimages/VR_menu_mute_default@2x.png"/> 
<file href="assets/htmlimages/VR_menu_mute_hover@2x.png"/> 
<file href="assets/htmlimages/VR_menu_mute_select@2x.png"/> 
<file href="assets/htmlimages/VR_menu_next_default@2x.png"/> 
<file href="assets/htmlimages/VR_menu_next_hover@2x.png"/> 
<file href="assets/htmlimages/VR_menu_next_select@2x.png"/> 
<file href="assets/htmlimages/VR_menu_pause_default@2x.png"/> 
<file href="assets/htmlimages/VR_menu_pause_hover@2x.png"/> 
<file href="assets/htmlimages/VR_menu_pause_select@2x.png"/> 
<file href="assets/htmlimages/VR_menu_play_default@2x.png"/> 
<file href="assets/htmlimages/VR_menu_play_hover@2x.png"/> 
<file href="assets/htmlimages/VR_menu_play_select@2x.png"/> 
<file href="assets/htmlimages/VR_menu_previous_default@2x.png"/> 
<file href="assets/htmlimages/VR_menu_previous_hover@2x.png"/> 
<file href="assets/htmlimages/VR_menu_previous_select@2x.png"/> 
<file href="assets/htmlimages/VR_menu_select@2x.png"/> 
<file href="assets/htmlimages/VR_move_left.png"/> 
<file href="assets/htmlimages/VR_move_right.png"/> 
<file href="assets/htmlimages/arrow_right.gif"/> 
<file href="assets/htmlimages/assessmenthotspotvisited.png"/> 
<file href="assets/htmlimages/assessmenthotspotvisited.svg"/> 
<file href="assets/htmlimages/assessmenthotspotvisited@2x.png"/> 
<file href="assets/htmlimages/ccClose.png"/> 
<file href="assets/htmlimages/checkBox_disabled.png"/> 
<file href="assets/htmlimages/checkBox_normal.png"/> 
<file href="assets/htmlimages/checkBox_selected.png"/> 
<file href="assets/htmlimages/checkBox_selectedDisabled.png"/> 
<file href="assets/htmlimages/checkboxchecked.png"/> 
<file href="assets/htmlimages/checkboxunchecked.png"/> 
<file href="assets/htmlimages/closeReviewButton.png"/> 
<file href="assets/htmlimages/correct_answer_normal.png"/> 
<file href="assets/htmlimages/correct_answer_small.png"/> 
<file href="assets/htmlimages/correct_question_normal.png"/> 
<file href="assets/htmlimages/correct_question_small.png"/> 
<file href="assets/htmlimages/dd_arrow.png"/> 
<file href="assets/htmlimages/expand_icon.png"/> 
<file href="assets/htmlimages/expand_icon@2x.png"/> 
<file href="assets/htmlimages/gesturemobileicon.png"/> 
<file href="assets/htmlimages/gesturemobileicon@2x.png"/> 
<file href="assets/htmlimages/gesturemobileimage2.png"/> 
<file href="assets/htmlimages/gesturemobilelandscape.png"/> 
<file href="assets/htmlimages/gesturetabletimage.png"/> 
<file href="assets/htmlimages/hotspot.gif"/> 
<file href="assets/htmlimages/hotspot_correct_answer_normal.png"/> 
<file href="assets/htmlimages/hotspot_incorrect_answer_normal.png"/> 
<file href="assets/htmlimages/img_trans.gif"/> 
<file href="assets/htmlimages/incorrect_answer_normal.png"/> 
<file href="assets/htmlimages/incorrect_answer_small.png"/> 
<file href="assets/htmlimages/incorrect_question_normal.png"/> 
<file href="assets/htmlimages/incorrect_question_small.png"/> 
<file href="assets/htmlimages/loader.gif"/> 
<file href="assets/htmlimages/loader_transparent.gif"/> 
<file href="assets/htmlimages/movieexpire.png"/> 
<file href="assets/htmlimages/partial_correct_question_normal.png"/> 
<file href="assets/htmlimages/partial_correct_question_small.png"/> 
<file href="assets/htmlimages/placeholder.png"/> 
<file href="assets/htmlimages/radioButton_disabled.png"/> 
<file href="assets/htmlimages/radioButton_normal.png"/> 
<file href="assets/htmlimages/radioButton_selected.png"/> 
<file href="assets/htmlimages/radioButton_selectedDisabled.png"/> 
<file href="assets/htmlimages/radiochecked.png"/> 
<file href="assets/htmlimages/radiounchecked.png"/> 
<file href="assets/htmlimages/sequenceReview.png"/> 
<file href="assets/htmlimages/skip_answer_normal.png"/> 
<file href="assets/htmlimages/skip_answer_small.png"/> 
<file href="assets/htmlimages/skip_question_normal.png"/> 
<file href="assets/htmlimages/skip_question_small.png"/> 
<file href="assets/htmlimages/toc.png"/> 
<file href="assets/htmlimages/vidbg.png"/> 
<file href="assets/htmlimages/vidfullscreen.png"/> 
<file href="assets/htmlimages/vidpause.png"/> 
<file href="assets/htmlimages/vidplay.png"/> 
<file href="assets/htmlimages/vidrewind.png"/> 
<file href="assets/htmlimages/vidslider.png"/> 
<file href="assets/htmlimages/vidstop.png"/> 
<file href="assets/htmlimages/vidvolume.png"/> 
<file href="assets/htmlimages/vidvolume2.png"/> 
<file href="assets/htmlimages/vidvolumemute.png"/> 
<file href="assets/js/CPM.js"/> 
<file href="assets/js/CPXHRLoader.js"/> 
<file href="assets/js/jquery-3.3.1.min.js"/> 
<file href="assets/toc/tocIcons/blankBookmark.png"/> 
<file href="assets/toc/tocIcons/clear.png"/> 
<file href="assets/toc/tocIcons/expander.png"/> 
<file href="assets/toc/tocIcons/fullBookmark.png"/> 
<file href="assets/toc/tocIcons/go.png"/> 
<file href="assets/toc/tocIcons/infoClose.png"/> 
<file href="assets/toc/tocIcons/moreinfo.png"/> 
<file href="assets/toc/tocIcons/searchBtnNormal.png"/> 
<file href="assets/toc/tocIcons/searchBtnSelect.png"/> 
<file href="assets/toc/tocIcons/visited.png"/> 
<file href="dr/img1.json"/> 
<file href="dr/img2.json"/> 
<file href="dr/img3.json"/> 
<file href="dr/img4.json"/> 
<file href="dr/img5.json"/> 
<file href="dr/img6.json"/> 
<file href="dr/img7.json"/> 
<file href="dr/imgmd.json"/> 
<file href="goodbye.html"/> 
<file href="index_scorm.html"/> 
<file href="pools/Pool1/Pool1.js"/> 
<file href="pools/Pool1/dr/148816_197_52.png"/> 
<file href="pools/Pool1/dr/148818_197_52.png"/> 
<file href="pools/Pool1/dr/163536_197_52.png"/> 
<file href="pools/Pool1/dr/163540_197_52.png"/> 
<file href="pools/Pool1/dr/183605_120_219.png"/> 
<file href="pools/Pool1/dr/316942.png"/> 
<file href="pools/Pool1/dr/Text_Caption_1062.png"/> 
<file href="pools/Pool1/dr/Text_Caption_1063.png"/> 
<file href="pools/Pool1/dr/Text_Caption_1064.png"/> 
<file href="pools/Pool1/dr/Text_Caption_1065.png"/> 
<file href="pools/Pool1/dr/Text_Caption_1066.png"/> 
<file href="pools/Pool1/dr/Text_Caption_1067.png"/> 
<file href="pools/Pool1/dr/Text_Caption_1068.png"/> 
<file href="pools/Pool1/dr/Text_Caption_1069.png"/> 
<file href="pools/Pool1/dr/Text_Caption_1070.png"/> 
<file href="pools/Pool1/dr/Text_Caption_1164.png"/> 
<file href="pools/Pool1/dr/Text_Caption_1166.png"/> 
<file href="pools/Pool1/dr/Text_Caption_1167.png"/> 
<file href="pools/Pool1/dr/Text_Caption_1168.png"/> 
<file href="pools/Pool1/dr/Text_Caption_1169.png"/> 
<file href="pools/Pool1/dr/Text_Caption_1170.png"/> 
<file href="pools/Pool1/dr/Text_Caption_1171.png"/> 
<file href="pools/Pool1/dr/Text_Caption_1172.png"/> 
<file href="pools/Pool1/dr/Text_Caption_1173.png"/> 
<file href="pools/Pool1/dr/Text_Caption_1174.png"/> 
<file href="pools/Pool1/dr/Text_Caption_1175.png"/> 
<file href="pools/Pool1/dr/Text_Caption_1176.png"/> 
<file href="pools/Pool1/dr/Text_Caption_1177.png"/> 
<file href="pools/Pool1/dr/Text_Caption_1178.png"/> 
<file href="pools/Pool1/dr/Text_Caption_1179.png"/> 
<file href="pools/Pool1/dr/Text_Caption_982.png"/> 
<file href="pools/Pool1/dr/si146852.png"/> 
<file href="pools/Pool1/dr/si146867.png"/> 
<file href="pools/Pool1/dr/si146871.png"/> 
<file href="pools/Pool1/dr/si146878.png"/> 
<file href="pools/Pool1/dr/si146882.png"/> 
<file href="pools/Pool1/dr/si146886.png"/> 
<file href="pools/Pool1/dr/si146899.png"/> 
<file href="pools/Pool1/dr/si146912.png"/> 
<file href="pools/Pool1/dr/si148629.png"/> 
<file href="pools/Pool1/dr/si148633.png"/> 
<file href="pools/Pool1/dr/si148644.png"/> 
<file href="pools/Pool1/dr/si148648.png"/> 
<file href="pools/Pool1/dr/si148882.png"/> 
<file href="pools/Pool1/dr/si148893.png"/> 
<file href="pools/Pool1/dr/si148897.png"/> 
<file href="pools/Pool1/dr/si148904.png"/> 
<file href="pools/Pool1/dr/si148908.png"/> 
<file href="pools/Pool1/dr/si148915.png"/> 
<file href="pools/Pool1/dr/si148919.png"/> 
<file href="pools/Pool1/dr/si148926.png"/> 
<file href="pools/Pool1/dr/si148930.png"/> 
<file href="pools/Pool1/dr/si148970.png"/> 
<file href="pools/Pool1/dr/si148991.png"/> 
<file href="pools/Pool1/dr/si149022.png"/> 
<file href="pools/Pool1/dr/si149359.png"/> 
<file href="pools/Pool1/dr/si149370.png"/> 
<file href="pools/Pool1/dr/si149374.png"/> 
<file href="pools/Pool1/dr/si149381.png"/> 
<file href="pools/Pool1/dr/si149385.png"/> 
<file href="pools/Pool1/dr/si149392.png"/> 
<file href="pools/Pool1/dr/si149396.png"/> 
<file href="pools/Pool1/dr/si149403.png"/> 
<file href="pools/Pool1/dr/si149407.png"/> 
<file href="pools/Pool1/dr/si149447.png"/> 
<file href="pools/Pool1/dr/si149468.png"/> 
<file href="pools/Pool1/dr/si149499.png"/> 
<file href="pools/Pool1/dr/si149820.png"/> 
<file href="pools/Pool1/dr/si149831.png"/> 
<file href="pools/Pool1/dr/si149835.png"/> 
<file href="pools/Pool1/dr/si149842.png"/> 
<file href="pools/Pool1/dr/si149846.png"/> 
<file href="pools/Pool1/dr/si149853.png"/> 
<file href="pools/Pool1/dr/si149857.png"/> 
<file href="pools/Pool1/dr/si149864.png"/> 
<file href="pools/Pool1/dr/si149868.png"/> 
<file href="pools/Pool1/dr/si149908.png"/> 
<file href="pools/Pool1/dr/si149929.png"/> 
<file href="pools/Pool1/dr/si149960.png"/> 
<file href="pools/Pool1/dr/si150281.png"/> 
<file href="pools/Pool1/dr/si150292.png"/> 
<file href="pools/Pool1/dr/si150296.png"/> 
<file href="pools/Pool1/dr/si150303.png"/> 
<file href="pools/Pool1/dr/si150307.png"/> 
<file href="pools/Pool1/dr/si150314.png"/> 
<file href="pools/Pool1/dr/si150318.png"/> 
<file href="pools/Pool1/dr/si150325.png"/> 
<file href="pools/Pool1/dr/si150329.png"/> 
<file href="pools/Pool1/dr/si150369.png"/> 
<file href="pools/Pool1/dr/si150390.png"/> 
<file href="pools/Pool1/dr/si150421.png"/> 
<file href="pools/Pool1/dr/si150821.png"/> 
<file href="pools/Pool1/dr/si150832.png"/> 
<file href="pools/Pool1/dr/si150836.png"/> 
<file href="pools/Pool1/dr/si150843.png"/> 
<file href="pools/Pool1/dr/si150847.png"/> 
<file href="pools/Pool1/dr/si150854.png"/> 
<file href="pools/Pool1/dr/si150858.png"/> 
<file href="pools/Pool1/dr/si150865.png"/> 
<file href="pools/Pool1/dr/si150869.png"/> 
<file href="pools/Pool1/dr/si150909.png"/> 
<file href="pools/Pool1/dr/si150930.png"/> 
<file href="pools/Pool1/dr/si150961.png"/> 
<file href="pools/Pool1/dr/si151303.png"/> 
<file href="pools/Pool1/dr/si151314.png"/> 
<file href="pools/Pool1/dr/si151318.png"/> 
<file href="pools/Pool1/dr/si151325.png"/> 
<file href="pools/Pool1/dr/si151329.png"/> 
<file href="pools/Pool1/dr/si151336.png"/> 
<file href="pools/Pool1/dr/si151340.png"/> 
<file href="pools/Pool1/dr/si151347.png"/> 
<file href="pools/Pool1/dr/si151351.png"/> 
<file href="pools/Pool1/dr/si151391.png"/> 
<file href="pools/Pool1/dr/si151412.png"/> 
<file href="pools/Pool1/dr/si151443.png"/> 
<file href="pools/Pool1/dr/si151774.png"/> 
<file href="pools/Pool1/dr/si151785.png"/> 
<file href="pools/Pool1/dr/si151789.png"/> 
<file href="pools/Pool1/dr/si151796.png"/> 
<file href="pools/Pool1/dr/si151800.png"/> 
<file href="pools/Pool1/dr/si151807.png"/> 
<file href="pools/Pool1/dr/si151811.png"/> 
<file href="pools/Pool1/dr/si151818.png"/> 
<file href="pools/Pool1/dr/si151822.png"/> 
<file href="pools/Pool1/dr/si151862.png"/> 
<file href="pools/Pool1/dr/si151883.png"/> 
<file href="pools/Pool1/dr/si151914.png"/> 
<file href="pools/Pool1/dr/si153187.png"/> 
<file href="pools/Pool1/dr/si153198.png"/> 
<file href="pools/Pool1/dr/si153202.png"/> 
<file href="pools/Pool1/dr/si153209.png"/> 
<file href="pools/Pool1/dr/si153213.png"/> 
<file href="pools/Pool1/dr/si153220.png"/> 
<file href="pools/Pool1/dr/si153224.png"/> 
<file href="pools/Pool1/dr/si153231.png"/> 
<file href="pools/Pool1/dr/si153235.png"/> 
<file href="pools/Pool1/dr/si153275.png"/> 
<file href="pools/Pool1/dr/si153296.png"/> 
<file href="pools/Pool1/dr/si153327.png"/> 
<file href="pools/Pool1/dr/si154129.png"/> 
<file href="pools/Pool1/dr/si154140.png"/> 
<file href="pools/Pool1/dr/si154144.png"/> 
<file href="pools/Pool1/dr/si154151.png"/> 
<file href="pools/Pool1/dr/si154155.png"/> 
<file href="pools/Pool1/dr/si154162.png"/> 
<file href="pools/Pool1/dr/si154166.png"/> 
<file href="pools/Pool1/dr/si154173.png"/> 
<file href="pools/Pool1/dr/si154177.png"/> 
<file href="pools/Pool1/dr/si154217.png"/> 
<file href="pools/Pool1/dr/si154238.png"/> 
<file href="pools/Pool1/dr/si154269.png"/> 
<file href="pools/Pool1/dr/si502519.png"/> 
<file href="pools/Pool1/dr/si502530.png"/> 
<file href="pools/Pool1/dr/si502534.png"/> 
<file href="pools/Pool1/dr/si502541.png"/> 
<file href="pools/Pool1/dr/si502545.png"/> 
<file href="pools/Pool1/dr/si502607.png"/> 
<file href="pools/Pool1/dr/si502628.png"/> 
<file href="pools/Pool1/dr/si502659.png"/> 
<file href="pools/Pool1/dr/si503399.png"/> 
<file href="pools/Pool1/dr/si503410.png"/> 
<file href="pools/Pool1/dr/si503414.png"/> 
<file href="pools/Pool1/dr/si503421.png"/> 
<file href="pools/Pool1/dr/si503425.png"/> 
<file href="pools/Pool1/dr/si503465.png"/> 
<file href="pools/Pool1/dr/si503486.png"/> 
<file href="pools/Pool1/dr/si503517.png"/> 
<file href="pools/Pool1/dr/si503789.png"/> 
<file href="pools/Pool1/dr/si503800.png"/> 
<file href="pools/Pool1/dr/si503804.png"/> 
<file href="pools/Pool1/dr/si503811.png"/> 
<file href="pools/Pool1/dr/si503815.png"/> 
<file href="pools/Pool1/dr/si503855.png"/> 
<file href="pools/Pool1/dr/si503876.png"/> 
<file href="pools/Pool1/dr/si503907.png"/> 
<file href="pools/Pool1/dr/si504179.png"/> 
<file href="pools/Pool1/dr/si504190.png"/> 
<file href="pools/Pool1/dr/si504194.png"/> 
<file href="pools/Pool1/dr/si504201.png"/> 
<file href="pools/Pool1/dr/si504205.png"/> 
<file href="pools/Pool1/dr/si504245.png"/> 
<file href="pools/Pool1/dr/si504266.png"/> 
<file href="pools/Pool1/dr/si504297.png"/> 
<file href="pools/Pool1/dr/si504569.png"/> 
<file href="pools/Pool1/dr/si504580.png"/> 
<file href="pools/Pool1/dr/si504584.png"/> 
<file href="pools/Pool1/dr/si504591.png"/> 
<file href="pools/Pool1/dr/si504595.png"/> 
<file href="pools/Pool1/dr/si504635.png"/> 
<file href="pools/Pool1/dr/si504656.png"/> 
<file href="pools/Pool1/dr/si504687.png"/> 
<file href="pools/Pool1/dr/si504959.png"/> 
<file href="pools/Pool1/dr/si504970.png"/> 
<file href="pools/Pool1/dr/si504974.png"/> 
<file href="pools/Pool1/dr/si504981.png"/> 
<file href="pools/Pool1/dr/si504985.png"/> 
<file href="pools/Pool1/dr/si505025.png"/> 
<file href="pools/Pool1/dr/si505046.png"/> 
<file href="pools/Pool1/dr/si505077.png"/> 
<file href="pools/Pool1/dr/si505349.png"/> 
<file href="pools/Pool1/dr/si505360.png"/> 
<file href="pools/Pool1/dr/si505364.png"/> 
<file href="pools/Pool1/dr/si505371.png"/> 
<file href="pools/Pool1/dr/si505375.png"/> 
<file href="pools/Pool1/dr/si505415.png"/> 
<file href="pools/Pool1/dr/si505436.png"/> 
<file href="pools/Pool1/dr/si505467.png"/> 
<file href="pools/Pool1/dr/si505739.png"/> 
<file href="pools/Pool1/dr/si505750.png"/> 
<file href="pools/Pool1/dr/si505754.png"/> 
<file href="pools/Pool1/dr/si505761.png"/> 
<file href="pools/Pool1/dr/si505765.png"/> 
<file href="pools/Pool1/dr/si505805.png"/> 
<file href="pools/Pool1/dr/si505826.png"/> 
<file href="pools/Pool1/dr/si505857.png"/> 
<file href="pools/Pool1/dr/si506129.png"/> 
<file href="pools/Pool1/dr/si506140.png"/> 
<file href="pools/Pool1/dr/si506144.png"/> 
<file href="pools/Pool1/dr/si506151.png"/> 
<file href="pools/Pool1/dr/si506155.png"/> 
<file href="pools/Pool1/dr/si506195.png"/> 
<file href="pools/Pool1/dr/si506216.png"/> 
<file href="pools/Pool1/dr/si506247.png"/> 
<file href="pools/Pool1/dr/si506519.png"/> 
<file href="pools/Pool1/dr/si506530.png"/> 
<file href="pools/Pool1/dr/si506534.png"/> 
<file href="pools/Pool1/dr/si506541.png"/> 
<file href="pools/Pool1/dr/si506545.png"/> 
<file href="pools/Pool1/dr/si506585.png"/> 
<file href="pools/Pool1/dr/si506606.png"/> 
<file href="pools/Pool1/dr/si506637.png"/> 
<file href="pools/Pool1/dr/si506855.png"/> 
<file href="pools/Pool1/dr/si506867.png"/> 
<file href="pools/Pool1/dr/si506871.png"/> 
<file href="pools/Pool1/dr/si506884.png"/> 
<file href="pools/Pool1/dr/si506897.png"/> 
<file href="pools/Pool1/dr/si507222.png"/> 
<file href="pools/Pool1/dr/si507232.png"/> 
<file href="pools/Pool1/dr/si507268.png"/> 
<file href="pools/Pool1/dr/si507287.png"/> 
<file href="pools/Pool1/dr/si507318.png"/> 
<file href="pools/Pool1/dr/si507587.png"/> 
<file href="pools/Pool1/dr/si507597.png"/> 
<file href="pools/Pool1/dr/si507633.png"/> 
<file href="pools/Pool1/dr/si507652.png"/> 
<file href="pools/Pool1/dr/si507683.png"/> 
<file href="pools/Pool1/dr/si507952.png"/> 
<file href="pools/Pool1/dr/si507962.png"/> 
<file href="pools/Pool1/dr/si507998.png"/> 
<file href="pools/Pool1/dr/si508017.png"/> 
<file href="pools/Pool1/dr/si508048.png"/> 
<file href="pools/Pool1/dr/si508317.png"/> 
<file href="pools/Pool1/dr/si508327.png"/> 
<file href="pools/Pool1/dr/si508363.png"/> 
<file href="pools/Pool1/dr/si508382.png"/> 
<file href="pools/Pool1/dr/si508413.png"/> 
<file href="pools/Pool1/dr/si832665.png"/> 
<file href="pools/Pool1/dr/si832678.png"/> 
<file href="pools/Pool1/dr/si832691.png"/> 
<file href="pools/Pool1/dr/si832704.png"/> 
<file href="pools/Pool1/dr/si832717.png"/> 
<file href="pools/Pool1/dr/si832730.png"/> 
<file href="pools/Pool1/dr/si832743.png"/> 
<file href="pools/Pool1/dr/si832756.png"/> 
<file href="pools/Pool1/dr/si832769.png"/> 
<file href="pools/Pool1/dr/si832782.png"/> 
<file href="pools/Pool1/dr/si832795.png"/> 
<file href="pools/Pool1/dr/si832808.png"/> 
<file href="pools/Pool1/dr/si832821.png"/> 
<file href="pools/Pool1/dr/si832834.png"/> 
<file href="pools/Pool1/dr/si832847.png"/> 
<file href="pools/Pool1/dr/si832860.png"/> 
<file href="pools/Pool1/dr/si832873.png"/> 
<file href="pools/Pool1/dr/si832886.png"/> 
<file href="pools/Pool1/dr/si832899.png"/> 
<file href="pools/Pool1/dr/si832912.png"/> 
<file href="pools/Pool1/dr/si832925.png"/> 
<file href="pools/Pool1/dr/si832938.png"/> 
<file href="pools/Pool1/dr/si832951.png"/> 
<file href="pools/Pool1/dr/si832964.png"/> 
<file href="pools/Pool1/dr/si832977.png"/> 
<file href="project.txt"/> 
<file href="vr/Vi10.mp4"/> 
<file href="vr/Vi11.mp4"/> 
<file href="vr/Vi12.mp4"/> 
<file href="vr/Vi13.mp4"/> 
<file href="vr/Vi14.mp4"/> 
<file href="vr/Vi15.mp4"/> 
<file href="vr/Vi16.mp4"/> 
<file href="vr/Vi17.mp4"/> 
<file href="vr/Vi18.mp4"/> 
<file href="vr/Vi19.mp4"/> 
<file href="vr/Vi2.mp4"/> 
<file href="vr/Vi20.mp4"/> 
<file href="vr/Vi21.mp4"/> 
<file href="vr/Vi22.mp4"/> 
<file href="vr/Vi23.mp4"/> 
<file href="vr/Vi3.mp4"/> 
<file href="vr/Vi4.mp4"/> 
<file href="vr/Vi5.mp4"/> 
<file href="vr/Vi6.mp4"/> 
<file href="vr/Vi7.mp4"/> 
<file href="vr/Vi8.mp4"/> 
<file href="vr/Vi9.mp4"/> 
<file href="Utilities.js"/> 
		</resource>
	</resources>
</manifest>
